,title,is_fake
0,"Роскомнадзор представил реестр сочетаний цветов, нежелательных в России",1
1,Ночью под Минском на президентской горе Беларашмор (Пик Демократии) внезапно появилось лицо Николая Лукашенко,1
2,Бывший спичрайтер Юрия Лозы рассказал о трудностях работы с Сергеем Шойгу,1
3,"Сельская церковь, собравшая рекордно низкое количество пожертвований, сгорела от тройного попадания молнии",1
4,Акции Google рухнули после объявления о перезапуске RuTube,0
5,Курс доллара вырос до исторического максимума,0
6,ОПЕК назвала оптимальный уровень цен на нефть,0
7,Российская авиакомпания откроет рейсы в Тбилиси с Урала,0
8,Швейцарская горнолыжница расстреляна в доме родителей,0
9,Учреждена театральная премия имени Гарольда Пинтера,0
10,Песков опроверг информацию о слиянии Минфина и Минэкономразвития,0
11,В рамках акции «Елка желаний» министр науки и высшего образования исполнил мечту Алисы Тепляковой и подарил ей красный диплом МГУ,1
12,Главного злодея в сериале «Этерна» сыграет Роман Мадянов,0
13,Таркан признался в употреблении кокаина,0
14,В Екатеринбурге завершился «процесс над бесами»,1
15,Дэниел Крейг поселится в доме с призраками,0
16,Новый тренер «Спартака» покинет клуб до конца года,0
17,Биткоин затмил Ким Кардашьян,0
18,На фоне сообщений о победе «Единой России» на выборах в Госдуму немецкий индекс DAX упал до рекордно низкого уровня,1
19,Илларионов призвал сменить в России государственное устройство,1
20,Суд приговорил Навального к трём годам домашнего ареста в СИЗО-1,1
21,Роберт Стуруа согласился перейти в театр Александра Калягина,0
22,Слуцкий оценил соперника ЦСКА в Лиге чемпионов,0
23,Tequilajazzz представит Журнал живого в Икре,0
24,Все члены КПРФ обязаны принять православие до 1 сентября 2021 года,1
25,В лонг-лист премии Нос вошли Эдуард Лимонов и Саша Соколов,0
26,Невакцинированные граждане не смогут проголосовать на выборах в Госдуму,1
27,Названы лауреаты Финансовой элиты России за пять лет,0
28,Нафтогаз Украины выплатил часть долга за газ,0
29,Чиновники сдадут ЕГЭ по Конституции,1
30,Майкл Джексон даст серию концертов в Лондоне,0
31,С 2022 года номера России на «Евровидении» будут утверждаться Госсоветом,1
32,Суд в Казани признал вкладчиков Finiko невменяемыми и отправил их на принудительное лечение,1
33,Дональд Трамп открыл счёт в Сбербанке,1
34,Ubisoft выпустит антологию серии Assassins Creed,0
35,Писатель рассказал об отношении Люка Скайуокера к геям,0
36,Ученые записали музыку древнейших звезд Млечного Пути,0
37,Во время учений в Риге солдаты НАТО распяли русскоговорящего мальчика,1
38,Козак нашел в России островок стабильности,0
39,Мэрдок отказался от инвестиций в российский телебизнес,0
40,Контрабандисты попытались вывезти из России партию артиллерийских снарядов под видом глушителей для Tesla,1
41,"В Грузии нашли 11 780 голосов Трампа, отданных за него на президентских выборах в США",1
42,Конфликтная ситуация вокруг ОАО Зангас исчерпана,0
43,Christies устроит экологический аукцион,0
44,В России запретят репетиторство,1
45,Apple заблокировала iphone Артемия Лебедева за публикацию «ложных материалов» о Юлии Навальной,1
46,Конституционный суд признал недействительным манифест об отмене крепостного права,1
47,Чтение молитвы «Отче наш» на скорость войдёт в обновлённый список нормативов ГТО,1
48,Показана мумия древнего чиновника,0
49,Пётр Толстой после победы на думских выборах вернёт потомственное дворянство,1
50,Русская галерея искусств проведет аукцион жанровой живописи,0
51,В правительстве РФ назвали причиной нехватки инноваций дорогую нефть,1
52,Илья Ковальчук получил травму колена,0
53,«Росатом» построит АЭС в Афганистане,0
54,Анонсирован медиаплеер с 3D-дисплеем,0
55,Гендиректор Ryanair поблагодарил Белоруссию за «образцовую отработку сигнала о ЧП на борту самолёта»,1
56,Заместитель мэра латвийского города пожаловался на невозможность реабилитации нацизма,1
57,Обзор рынков: Google потерял в цене,0
58,За неделю московские квартиры подорожали на процент,0
59,«Спартак» пропустил четыре мяча от «Краснодара» в чемпионате России,0
60,Госдума может приравнять имена нацистских преступников к нецензурной брани,1
61,Майкл Джексон по-прежнему делит постель с детьми,0
62,«Лучший коньяк в мире - дагестанский»: в Париже найдены неизвестные письма Наполеона,1
63,Минпросвещения поддержало необходимость создания списков неблагонадежных подростков,1
64,Уилл Феррелл поможет Офису пережить уход Стива Карелла,0
65,Пользователи YouTube без премиум-подписки смогут смотреть только рекламу,1
66,"В Белоруссии задержали группу кавказцев, пытавшихся под видом сирийских беженцев попасть в Польшу",1
67,"Суд оправдал водителя, который ехал с закрытыми глазами, чтобы не видеть Новокузнецк",1
68,Организаторы боя Ибрагимов — Холифилд привезли Путину чемпионский пояс,0
69,В Петербурге открылся музей сосулек,0
70,На игру по книгам Джейн Остин собрали деньги,0
71,Горбушка пообещала Microsoft окончательно избавиться от пиратов,0
72,BP назвала Россию виновником снижения мировых запасов нефти,0
73,Денис Мантуров сообщил о возрождении легкой промышленности в России,0
74,Казахстан ограничил продажу российской водки и пива,0
75,Гражданам без московской прописки временно запретят пользоваться столичным метро,1
76,Гонщик NASCAR назвал свою бывшую девушку наемным убийцей,0
77,Скончался гитарист Ramones Джонни Рамон,0
78,Богатейшие люди мира потеряли 11 миллиардов долларов за день,0
79,В Омске создадут центр ремонта и модернизации танков,1
80,Кубок Кремля остался без первой ракетки,0
81,«Зенит» согласовал трёхлетний контракт с Лионелем Месси,0
82,Мосарбитраж оставил под арестом акции дочерних компаний ЮКОСа,0
83,Мексика прекратила поставлять в Россию грузовики ЗИЛ-130 из-за санкций США,1
84,Производство иномарок в России выросло втрое за десять лет,0
85,Минздрав разработал методику лечения гомосексуализма,1
86,Сборная Белоруссии по футболу откажется от турниров под эгидой УЕФА в пользу первенства Азии,1
87,В Перми откроют курсы моэлей для ищущей себя молодежи,1
88,В мавзолее состоялись плановые учения по выносу тела Ленина,1
89,ВМФ России не откажется от аварийной системы пожаротушения на атомных субмаринах,1
90,Олег Дерипаска пригласил Сергея Лаврова и Настю Рыбку в совместное путешествие на яхте,1
91,Украина запретила импорт птицы из России,0
92,ФСИН заберёт за долги гонорары «скопинского маньяка»,1
93,Найдена самая благоприятная для жизни экзопланета,0
94,DС Сomics представили нового супергероя Крепкий орешек,0
95,Пожаловавшуюся на «ржавую» воду из-под крана пенсионерку отключили от водопровода,1
96,У женщин-военнослужащих начали изымать неуставные бюстгальтеры,1
97,Общественники предложили разрешить многожёнство в отдельных регионах России,1
98,«Вот где настоящее воровство»: Чубайс предложил пересмотреть итоги «грабительской» приватизации жилья,1
99,Коммунисты заложили первый камень в фундамент храма на месте покушения на В.И.Ленина,1
100,Работники Deutsche Telekom начали первую забастовку за последние 10 лет,0
101,Студентам экономических вузов будут объяснять принципы инвестирования на примере сказочных героев,1
102,На месте поджога газохимического комплекса в Новом Уренгое задержан Николай Десятниченко,1
103,Леонид Меламед официально стал гендиректором МТС,0
104,Эротический 3D-фильм Гаспара Ноэ выйдет в российский прокат,0
105,МЧС начнёт рассылать смс-сообщения с информацией о помощи другим странам,1
106,Американский актер подал в суд на Википедию,0
107,Капков попросил у москвичей недорогих идей городского праздника,1
108,Самовольно расчищавшего дорогу тракториста обвинили в воровстве снега,1
109,«Вакцина будет только для евреев»: мордовский врач хитростью вакцинировал целый район,1
110,"Лукашенко лишил Мисс Беларуси звания майора КГБ после того, как она не смогла отличить роторную жатку от обмолота",1
111,"ГИБДД определит перечень музыки, разрешённой к прослушиванию в автомобилях",1
112,"Россияне массово вызывают скорую помощь, чтобы поздравить врачей с профессиональным праздником",1
113,Apple запустила кампанию по обмену зарядных устройств,0
114,Ультраправые консерваторы потребовали уменьшить сумму компенсации семье Джорджа Флойда с 27 до 22 миллионов долларов,1
115,Лидер НХЛ проиграл второй матч подряд,0
116,Минюст признал Сколково иностранным агентом,1
117,Российское СП купило крупнейший металлургический комбинат Хорватии за 12 центов,0
118,В китайских провинциях проходят шествия и карнавалы в честь второй годовщины пандемии коронавируса,1
119,"«Цены в сотни раз ниже, чем на Рублёвском шоссе»: министр экономического развития обвинил регионы в демпинге",1
120,Лейтенант Тайлер из Подводной лодки U-571 сражается с драконами,0
121,В Санкт-Петербурге пройдет фестиваль аудиовизуального искусства Yota Space,1
122,Активисты Black Lives Matter вышли на улицы европейских столиц с портретами президента Чада,1
123,Снятие наличных для россиян будет доступно только после предъявления QR-кода,1
124,Вместе с WTC погибла православная церковь,0
125,Международный союз биатлонистов обвинили в сокрытии допинг-проб россиян,0
126,На борьбу с кризисом чиновники потратили 342 миллиарда рублей,0
127,Армстронг обвинил в употреблении допинга всех велогонщиков,0
128,Индекс РТС поднялся до максимума с сентября 2008 года,0
129,В 2001 году пенсии в России возрастут на 40 процентов,0
130,Time включил Александра Лукашенко в список самых влиятельных людей мира,1
131,США потерпели первое поражение на чемпионате мира по хоккею,0
132,«Первый канал» предложил Ваенге представить Россию на «Евровидении»,1
133,Фуркад призвал IBU наказать уличенных в употреблении допинга россиян,1
134,Армения попросила у России и трех банков миллиард долларов,0
135,Ракета Тополь поразила цель в Казахстане,0
136,Глава Сухого признал задержку с поставками Superjet,0
137,На детском мероприятии в Ельцин-центре устроили поедание кексов с изображением Сталина,1
138,Умерла партнерша Рудольфа Нуреева и легенда балета Иветт Шовире,0
139,"В учебниках математики появятся главы, посвящённые Сталинградской битве",1
140,Железнодорожные тарифы будут едиными для всех,0
141,"Школьницы, родившие ребёнка до выпуска, получат дополнительно 30 баллов ЕГЭ",1
142,Горечь от потерь России в Сирии навеяла мысли о Калмыкии,1
143,Россиянам разрешат брать продукты из мусорных контейнеров только после предъявления пенсионного удостоверения,1
144,В Великобритании появились пять двойников Газпрома,0
145,НХЛ и профсоюз игроков подписали завершивший локаут меморандум,0
146,"Полиция разыскивает более ста шаманов, идущих в сторону Москвы",1
147,Эксперт указал на неназначенный в ворота «Спартака» пенальти в матче с ЦСКА,0
148,Россия начала разработку универсальной артустановки для ВДВ,0
149,МВД опубликовало список нежелательных тем для шуток и разошлет его юмористам,1
150,"В воде, которой польские пограничники поливают мигрантов, нашли «Новичок»",1
151,Актер Федор Добронравов попал в больницу,0
152,ОАК оставила единственного покупателя без Ту-214,0
153,В Алтайском крае прошёл митинг за возобновление продажи леса в Китай,1
154,Рядом с телом Джона Макафи обнаружили визитку Касперского,0
155,МВД Белоруссии возбудило уголовное дело против Гитлера за срыв 4 посевных и 5 уборочных,1
156,В России введут штрафы за хранение ртутных градусников,1
157,Москва передаст Капотню Тамбову,1
158,МГТУ им. Баумана назовут в честь Сергия Радонежского,1
159,Пётр Толстой предложил 9 мая светить фонариками в защиту ветеранов,1
160,"Суд оправдал официантов, подмешивавших вакцину от COVID-19 в пиво посетителям бара",1
161,Мутко опроверг наличие мельдония в допинг-пробах футболисток сборной России,0
162,Apple замедлит смартфоны белых пользователей,0
163,Манижа будет выступать на Евровидении под нейтральным флагом,1
164,"Из русского языка убирают слова, необходимые для оппозиционной деятельности",1
165,Европа решила в угоду США перейти на американский газ,0
166,Роман Абрамович купил лондонский футбольный клуб Челси,0
167,Halo 3 оказалась прибыльней Человека-паука и Гарри Поттера,0
168,Основатель Eidos Montreal покинул студию,0
169,"Скончался ветеран Пентагона, создавший плеяду анекдотов про Чапаева",1
170,Ким Чен Ын подарил Александру Лукашенко бронепоезд для международных поездок,1
171,Экологи во всем мире заговорили об угрозе глобального похолодания,0
172,"У нас свободная страна: Лукашенко заявил, что не может запретить людям гулять около польской границы",1
173,Пентагон попытается сбить сошедший с орбиты спутник 21 февраля,0
174,ОМОН разогнал митинг в поддержку сотрудников ОМОН,1
175,Подарочные карты iTunes разрешили оплачивать «Яндекс.Деньгами»,0
176,«Сбербанк» добавил караоке в мобильное приложение,1
177,Спикер парламента сообщил о начале периода распродаж мест в Госдуме,1
178,Китайская государственная “Корпорация развития” выкупила у США замороженную с 1990-х годов доменную зону Сибири,1
179,Начальник полиции Нижневартовска уволен за раскрытие школьникам уязвимых мест ОМОНа,1
180,В России запретят майонез,1
181,"Аккредитация «Панорамы» в Госдуме, новые приключения Петрова и Боширова, борьба с чешской угрозой и запрет алкоголя на майские праздники в нашей еженедельной рубрике «Панорама недели»",1
182,ЕСПЧ обязал Роскомнадзор ускорить Twitter на два месяца,1
183,Компаниям из России придется вернуть 45 миллиардов долларов долгов за три месяца,0
184,Гран-при фестиваля КРОК получил французский мультфильм,0
185,Россия оставила закрытой тему ЗСТ между Украиной и ЕС,0
186,Станислав Черчесов возглавит список «Родины» на выборах в Госдуму,1
187,Борьбу с глобальным потеплением признали экономически невыгодной,0
188,Во льдах Антарктиды нашли замороженного человека в форме ефрейтора Третьего рейха,1
189,В аргентинской провинции нашли похищенную скрипку Страдивари,0
190,Спасатели нашли обломки самолета певицы Риверы,0
191,РПЦ назначила Максима Шевченко новым архиереем Бакинской епархии,1
192,МЭА спрогнозировало рост цен на нефть после 2017 года,0
193,Околоземное пространство предложили чистить лазером,0
194,К российским олимпийцам впервые с 1988 года приставят компетентных сотрудников,1
195,Британская легкоатлетка выиграла 91 тысячу с девяти долларов,0
196,"Лебеди из покрышек, балкон-склад, отсутствие толерантности и другие полезные лайфхаки для необразованного Запада",1
197,Путин представил кандидатуру Набиуллиной для назначения главой ЦБ на второй срок,0
198,Доллар упал ниже 53 рублей,0
199,ДНК возьмется за темную материю,0
200,Россия поможет Филиппинам пережить войну в Персидском заливе,0
201,«Американского психопата» превратили в бродвейский мюзикл,0
202,Московских проституток обязали тестировать клиентов на COVID-19,1
203,"РАЕН установила, что Израиль управляется евреями",0
204,Улицу у посольства США в Москве переименуют в честь Ли Харви Освальда,1
205,Ученые оценили число разумных цивилизаций во Вселенной,0
206,Китай снимает запрет на поедание сырых летучих мышей для вакцинированных от COVID-19,1
207,Китайский ЦБ снизил базовую ставку для борьбы с кризисом,0
208,Обладателей Русского Букера приравняли к нобелиатам,1
209,В России могут вернуть раздельное обучение в школах,1
210,Баллы России на «Евровидении» будут распределены между пострадавшими от её действий странами,1
211,«Газпром» объявил тарифы на бесплатную газификацию частных домов,1
212,Новый адвокат Навального попросил суд изменить условное наказание на реальное,1
213,«Маразм крепчал»: Дмитрий Киселев покажет документальный фильм о старческой деменции Байдена,1
214,Навальный приобрёл виллу на берегу озера Комо,1
215,Россиян обяжут пересдавать на водительские права каждые 5 лет,1
216,Из-за аварии на деньгохранилище «Норникеля» в озеро Пясино попало 26 миллиардов рублей,1
217,Московская школа закупила тренажёры Кегеля для уроков физкультуры,1
218,Главу итальянского партнера «Сухого» арестовали за взятки,0
219,"В Екатеринбурге врачи отрезали ногу пациенту с ветрянкой, а затем провели уникальную операцию по ее пришиванию",1
220,Microsoft обнародовала цену и дату релиза консоли Xbox One,0
221,Московские власти подарят ветеранам на 9 мая бесплатные билеты в экстрим-парк,1
222,Посольство КНДР требует изменить дизайн противопожарных плакатов из-за «недопустимых намёков»,1
223,Голодец попросила Путина повысить МРОТ,0
224,Глава Отдела внешних сношений РПЦ провёл крестный ход против коронавируса в Ницце,1
225,В связи с беспрецедентными туманами Сергей Лавров пригласил президента Польши посетить Москву,1
226,Белоруссия отказалась вводить альтернативные торги валютой,0
227,Плесневые грибы оказались способны к сексу,0
228,Налоговики России и Австралии обещали не обирать олимпийцев,0
229,ВЦИОМ: «Большинство россиян высказались за увеличение пенсионного возраста»,1
230,Владимир Путин пообещал Константину Цзю помочь с изданием книги,0
231,Пенсионный фонд станет наследником первой очереди,1
232,IBM представила интеллектуальную корпоративную информационную систему,0
233,Акции Sothebys за месяц упали на 25 процентов,0
234,Минсельхоз ограничит экспорт ячменя пошлиной,0
235,Западная технология для разложения России: на шоу Соловьёва призвали отказаться от идей демократии,1
236,Спартак предложил Романцеву остаться,0
237,Центр Гамалеи запустит в Москве мобильные пункты вакцинации ГамВаген,1
238,Астронавты шаттла Индевор завершили второй выход в открытый космос,0
239,Волонтёрам переписи населения разрешат вскрывать двери,1
240,Американская футболистка обвинила в домогательствах 81-летнего Блаттера,0
241,Бретт Ратнер отказался продюсировать церемонию вручения Оскаров,0
242,Глава российской погранслужбы сообщил о полной готовности к наплыву беженцев из Европы,1
243,Мадридский золотой треугольник искусств установил рекорд,0
244,В Думе утвердили список веских причин для преклонения колен на территории РФ,1
245,Карякин проиграл в первом матче на чемпионате мира по рапиду и блицу,0
246,Обнаружен новый тип «липовых» бюро кредитных историй,0
247,Посольство Узбекистана не мешало Борису Акунину въехать в страну,0
248,Сотрудников ФБК проверят на причастность к исчезновению Александра Мураховского,1
249,Для борьбы с клещевым энцефалитом в России увеличат вырубку лесов,1
250,"Пенсионеры, не получившие подарочных карт на выборах, готовятся штурмовать Свердловский облизбирком",1
251,Испытания роботокомлекса «Турель» в ДНР попали на видео,0
252,Клуб болельщиков Динамо прекратил прием новых членов,0
253,Google извинился за баг с исчезновением Израиля с сервисных карт компании,0
254,В Ульяновской области дети получат овощную корзину вместо сладких подарков,1
255,В Москве похоронили Людмилу Гурченко,0
256,В польских школах запретили изучать деление,1
257,Европа пригрозила Греции экономическими санкциями,0
258,«Роскосмос» анонсировал перестройку космодрома Восточный под TikTok-хаус,1
259,В России на законодательном уровне запретят критиковать цены,1
260,Партия запретила миллиарду китайцев смотреть на Анджелину Джоли,1
261,Роскосмос планирует перейти на пуски в Minecraft,0
262,Рогозин пообещал распилить МКС перед затоплением в океане,1
263,Определились четвертьфинальные пары хоккейного турнира на Олимпиаде,0
264,Две подлодки типа Щука доставили на утилизацию на нидерландском судне,1
265,Велосипедисты без страховых полисов ответят по закону,1
266,Четвертый фильм о Гарри Поттере покажут сразу в двух форматах,0
267,Россия наращивает поставки ракет класса «земля-воздух» в Турцию,1
268,Влияние мобильных телефонов на рак показали на крысах,0
269,Роуэн Аткинсон сыграет Боширова в сериале Netflix «Прага – Солсбери»,1
270,Началась работа над бродвейским мюзиклом о Кинг-Конге,0
271,Нурмагомедов выдвинул UFC ультиматум,0
272,Плющенко устроил дрифт на снегоходе,0
273,Правнук Берии подал иск о плагиате к создателям аниме «Тетрадь смерти»*,1
274,«Росатом» опроверг слухи об ограничении коммерческих поставок урана в США,0
275,Банк России резко поднял курсы доллара и евро,0
276,Описан механизм уничтожения аборигенов и экосистем Америки,0
277,Создатели «Веселой фермы» сделали игру о елочных украшениях,0
278,"Гимнастка из Узбекистана поехала на Чемпионат мира, чтобы спасти больного сына",1
279,"Нападение Байдена на Россию, годовщина Крымской весны, демонтаж камеры фиксации нарушений ПДД на Рублёвке и русский борщ в нашей еженедельной рубрике «Панорама недели»",1
280,Милан Кундера стал почетным гражданином Брно,0
281,Украина нашла средства для расчета с Газпромом,0
282,ФАС изучит пасьянс «Косынка» на предмет возникновения нерешаемых раскладов,1
283,Мария Шарапова выиграла первый турнир в сезоне,0
284,Футболист Арсенала выбыл из строя до конца сезона,0
285,ЕСПЧ признан нежелательной организацией на территории РФ,1
286,Каспаров и Крамник догоняют Широва,0
287,МОК включил в программу зимних Олимпиад четыре новые дисциплины,0
288,Спартак стал победителем турнира Efes Pilsen Cup,0
289,Нефть дорожает из-за холодов в США,0
290,На ж/д переезде Рублево-Успенского шоссе установили шлагбаумы для поездов,1
291,Китайские фанаты напали на тренера футбольной сборной,0
292,Приостановка полетов японских «Лайнеров мечты» обвалила акции Boeing,0
293,"У полицейского в Хабаровском крае изъяли остров, принадлежащий Китаю c 2016 года",1
294,Гонкуровская премия досталась афганскому писателю,0
295,На сайте ФСИН появилась вакансия палача,1
296,Минпросвещения объявило об отмене выходных для школьников на майские праздники,1
297,"В Кургане начали подбрасывать отраву в мусорные баки для борьбы с пенсионерами, растаскивающими мусор",1
298,В длинный список Бунинской премии вошли 60 книг,0
299,Лукашенко приказал отправить белорусских футболистов на урановые рудники,1
300,Работающих во время «нерабочих» дней москвичей принудительно вакцинируют от коронавируса,1
301,Для концерта «Океана Ельзи» в Петербурге нашлась площадка,0
302,С этого всё начинается: Яровая предложила запретить россиянам покупать виртуальное оружие в играх,1
303,Трамп отчитался об экономической победе над Китаем,0
304,За ношение символики ФБК введут уголовную ответственность,1
305,«Реал» включил футболиста сборной России в заявку на Лигу чемпионов,0
306,«Должно быть в каждом субъекте Федерации»: Минобороны планирует увеличить количество Суворовских училищ,1
307,Мария Бутина не сможет избираться в Госдуму из-за судимости,1
308,"Минздрав: «Дефицита чипов у нас пока нет, склады заполнены с запасом»",1
309,Минфин предложил уволить каждого пятого федерального чиновника,0
310,"Трансгендер, участвовавший в захвате Капитолия, оправдан и выпущен на свободу",1
311,Дочка Рособоронэкспорта займется авиаперевозками,0
312,Учителей обяжут заплатить налог за каждый подаренный им букет,1
313,Эминема пригласили на церемонию введения в Зал славы рок-н-ролла,0
314,Минэкономразвития дало свою оценку по спаду промпроизводства в октябре,0
315,Грета Тунберг подала в суд на стокгольмскую ТЭЦ из-за сосулек в своей квартире,1
316,Отец Нурмагомедова простил Макгрегора,0
317,Электронный Воннегут опередит бумажного,0
318,Кубок Федерации по теннису выиграли итальянки,0
319,Дональду Трампу заблокировали счета в Сбербанке,1
320,ВЦИОМ: 77 процентов российских феминисток лишь притворяются феминистками,1
321,В Москве на Signal Dome выступят Ancient Methods,0
322,Дефицит бюджета США достиг 666 миллиардов долларов,0
323,Итальянская фирма Cristofari опровегла информацию о туалетном ёршике за 700 евро,0
324,Blizzard анонсировала игру Diablo III,0
325,Американский аналитик: «Набиуллина мешает порвать нам в клочья российскую экономику»,1
326,Роскомнадзор уберёт из учебников истории изображения Шарля де Голля,1
327,Спортивным директором РФС стал Николай Писарев,0
328,Вышел первый трейлер нового фильма Вачовски,0
329,Акции Apple побили исторический рекорд,0
330,Ющенко обвинил Россию в монополизации рынка ядерного топлива,0
331,Несовершеннолетним запретят перекрашивать волосы,1
332,Победившая Медведеву российская фигуристка вновь стала лидером Гран-при,0
333,В честь 30-летнего юбилея екатеринбургскому метрополитену подарили храм,1
334,ВКС России по просьбе запрещённой террористической группировки Талибан проведут антитеррористическую операцию против мятежников в Панджшерском ущелье,1
335,На время наводнения Крым признают украинским,1
336,Певица Manizha станет обликом России на ВДНХ,0
337,Генетики научились считать молекулы ДНК и РНК,0
338,Еврокомиссар назвал российский газовый сектор неподходящим для санкций,0
339,Киев обратился к ЮНЕСКО с просьбой получить право называть борщ украинским,1
340,МВД пообещало 8 марта не реагировать на все сообщения о домашнем насилии женщин в отношении мужчин,1
341,Иллюстрации к книгам про Винни Пуха выставят на аукцион,0
342,Объявлена дата начала продаж в России самого тонкого смартфона,0
343,Евровидение выделило квоту на призовые места для чернокожих исполнителей,0
344,Социальная сеть Вконтакте откажется от текстового ввода,0
345,Лидеру Манчестер Юнайтед разбили лицо в матче с Ромой,0
346,Шойгу обратится с новогодним поздравлением к россиянам из Киева,1
347,В России введут штрафы за кашель и чиханье в общественных местах,1
348,"Северокорейская вона стала первой в новейшей истории валютой, полностью обеспеченной золотом",1
349,После ухода из Кирова «Победы» подорожали железнодорожные билеты,0
350,Британская армия получила новые эвакуаторы,0
351,Работникам государственных предприятий разрешат выдать годовую премию спиртными напитками,1
352,Петров и Боширов стали членами Общественной палаты России,1
353,Умер бывший тренер сборной Италии Энцо Беарзот,0
354,Знаменитый бразильский футболист Ромарио объявлен в розыск,0
355,В России учредили День работника сайта «Госуслуги»,1
356,Решение о возвращении государству Столичной водки вступило в силу,0
357,2021 год объявлен годом прав и свобод человека в России,1
358,«Зенит» разгромил тульский «Арсенал» в первом туре чемпионата России,0
359,Тимченко разрешили вложиться в краснодарские яблоки,0
360,Потерянный лунный камень обнаружился в кабинете губернатора Гавайев,1
361,Минюст объявил о ликвидации основанного В.И.Лениным «Общества чистых тарелок»,1
362,В РПЦ предложили перенести Новый год на 13 января,1
363,Квентин Тарантино объявил себя наследником Эдисона,0
364,Ангела Меркель предложила выплатить пенсионерам и военным по 2000 евро накануне выборов в Бундестаг,1
365,«Правильно говорить здешний»: в Институте русского языка утвердили новое название тутового шелкопряда,1
366,Микроавтобусы УАЗ с 2022 года получат освещение салона,1
367,Санкт-Петербург вводит QR-коды для посещения пунктов вакцинации,1
368,CD Projekt RED опровергла прекращение разработки серии «Ведьмак»,0
369,На хакерском конкурсе взломали iPhone 4S и Galaxy S III,1
370,Создатель Восставшего из ада сделает его римейк,0
371,Великобритания предложила обменять Навального на Скрипаля,1
372,Сбербанк будет выдавать потребительский кредит на смену пола,1
373,Lexus объявил о создании летающей доски-ховерборда,0
374,Элайджа Вуд поможет Вину Дизелю в охоте на ведьм,1
375,Акции ЗАО Российская федерация восстанавливаются на фоне окончания протестов,1
376,Обзор рынков: акции Microsoft подешевели на шесть процентов,0
377,Станислав Черчесов: «Готов возглавить сборную Англии»,1
378,Оскар 2007: Сценариста Маленькой мисс Счастье признали лучшим,0
379,Форсирование науки как метод поднятия с колен,0
380,Лучшую мать Кореи поместили на банкноту,0
381,Министерство просвещения запретило перегородки в школьных туалетах,1
382,Новогодние выходные сократят до трёх дней,1
383,В Сибири запретят всю непищевую продукцию со спиртом,1
384,Комитет Госдумы по шахматам даст правовую оценку ходам Яна Непомнящего в партии с Магнусом Карлсеном,1
385,На праймериз «Единой России» зарегистрировалось полмиллиона сторонников Навального,1
386,При регистрации в Twitter россиян автоматически подпишут на аккаунт Навального,1
387,Названы лауреаты премии Триумф за 2002 год,0
388,На фестивале KUBANA выступит Михаил Боярский,0
389,Новый альбом Эми Уайнхаус выйдет в декабре 2011 года,0
390,В России появится новая категория льготников дети 90-х,1
391,Правительство распорядилось о выплатах по старым вкладам,0
392,В марсианской сере нашли следы жизни,0
393,МОК обосновал пожизненное отстранение олимпийского чемпиона Сочи Зубкова,0
394,Жириновский закончил встречу с избирателями лозунгом За Единую Россию!,1
395,Чиновники передадут недоеденные продукты с новогодних банкетов пенсионерам и многодетным семьям,1
396,#РИФМЫ НЕДЕЛИ,0
397,"«Глазоньки узковаты, но цвет кожи белый»: Байден исключил японцев из списка угнетенных",1
398,Gearbox Software перезапустит Дюка Нюкема,0
399,26 апреля — премьера марихуанной комедии Спасите Грейс!,0
400,Игорь Коротченко: «Дали американцам пинок под зад»,1
401,Неизвестный передал пропавший портрет на выставку,0
402,В 2009 году РВСН запустят 14 баллистических ракет,0
403,"Американцу, по ошибке отсидевшему 15 лет за плевок в полицейского, выплатят 1000 долларов",1
404,Российской фигуристке попала в рот муха во время танца,0
405,Путин и Байден договорились о следующей встрече на вилле в Геленджике,1
406,Пентагон подарил Аркадию Бабченко на 23 февраля два часа катания на танке «Абрамс»,1
407,Самолёт Джо Байдена прилетит на встречу с Путиным через Белоруссию,1
408,С авианесущего крейсера «Адмирал Кузнецов» похищена защита от дурака,1
409,"МВФ ищет мошенников, которые под видом сотрудников Центробанка выманили 40 млрд долларов",1
410,Чемпионат Турции приостановлен из-за обстрела автобуса «Фенербахче»,0
411,Россияне обрушили цены на iPhone X,0
412,ГАЗ перестанет выпускать автомобили под маркой Соболь,0
413,Победа сборной России на ЧМ лишит Дмитрия Маликова волос,0
414,Новую часть WWE выпустят в октябре,0
415,Выход Grand Theft Auto V на PC снова отложили,0
416,Экономика ЕС растет медленнее США и быстрее Японии,0
417,Британцы подготовили к испытаниям подводную лодку нового поколения,0
418,В рамках совместного проекта Минкульта и Минюста судебные заседания будут проходить под классическую музыку,1
419,Имущество разоблачённых гомосексуалистов может быть передано соседям-доносчикам,1
420,Минобороны обеспокоено нехваткой в России памятников маршалу Жукову,1
421,Президентов иностранных государств в российских СМИ с 2022 года будут называть главами республик,1
422,Алексея Навального проверят на причастность к убийству Бориса Немцова,1
423,"В Барнауле осудили пенсионера, назвавшего российский флаг власовской тряпкой",1
424,Химфак МГУ начнёт подготовку барист,0
425,Челси не воспользовался осечкой Манчестер Юнайтед,0
426,Google подала кассационную жалобу на решения судов в пользу ФАС,0
427,В России отменят право на отказ от прививок и создадут вооружённые прививочные патрули,1
428,Футболист променял «Барселону» на вино в Китае,0
429,Более 100 граждан России подали заявление о смене фамилии Навальный,1
430,Медведев назвал условия сокращения расходов бюджета в 2009 году,0
431,В России проведут месячник борьбы с бедностью,1
432,Белым американцам откачают вакцину в пользу чернокожих и азиатов,1
433,Рэпер Face объявил себя врагом государства и сравнил Россию с зоной,1
434,Александр Емельяненко нокаутировал бразильца за два раунда,0
435,IKEA предоставит российским однополым парам скидки 30%,1
436,Над формирующейся звездной системой идет дождь,0
437,Акции Pandora рухнули на 65 процентов,0
438,Игры по мотивам новых фильмов вышли в топ App Store еще до премьер,0
439,Священников будут привлекать к ответственности за недостаточно качественное освящение космических объектов,1
440,YouTube заблокирует каждый десятый канал на русском языке,1
441,"В США подросток раскопал свыше 200 могил за год, чтобы превратить их обитателей в зомби",1
442,В Казахстане открылся первый концентрационный лагерь перевоспитания «Насвау»,1
443,Бывший совладелец «Эльдорадо» пожаловался Фридману на Альфа-банк,0
444,"«Это моральная победа!»: Явлинский поблагодарил всех сторонников Навального, кто не голосовал за «Яблоко»",1
445,Аэрофлот покупает 18 самолетов А-320,0
446,"Госжилинспекция начнёт штрафовать россиян за ковры, висящие на стенах",1
447,Байден не исключает возможности проведения тайной инаугурации,1
448,"Терешкова предложила законопроект, позволяющий президенту назначать до 51% депутатов Госдумы",1
449,Disney переименует Дональда Дака в Джозефа,0
450,Россия из-за критики передумала отправлять Manizha на «Евровидение». Вместо неё поедет группа Васи Ложкина «Эбонитовый колотун»,1
451,Sony анонсировала скорострельную 3D-видеокамеру,0
452,Россиянам рассказали о преимуществах рапсового масла перед оливковым,1
453,Минобрнауки запретило выдавать аттестаты выпускникам без сертификата о прохождении вакцинации против коронавируса,1
454,В Сибири закрылся единственный завод по производству палочек для мороженого,1
455,ЕС готов предоставить безвизовый режим российским «иностранным агентам»,1
456,Предзаказы S.T.A.L.K.E.R. 2 вывели украинский госбюджет в профицит по итогам 2020 года,0
457,Американские фондовые индексы выросли,0
458,"Россия поможет Ирану восстановить работу часов, отсчитывающих время до уничтожения Израиля",1
459,Оклахома вышла в финал плей-офф НБА,0
460,Задержанных на митинге будут принудительно прививать от коронавируса,1
461,Курс евро превысил отметку 95 центов,0
462,РАН рекомендовала историкам воздержаться от упоминания национальностей деятелей Гражданской войны,1
463,iOS 16 будет автоматически удалять с телефонов “неприемлемый” контент,1
464,Голодец сообщила подробности пенсионной реформы,0
465,В Думе составили список требований к «настоящему» россиянину,1
466,Госдума ратифицировала договор о техпомощи ООН,0
467,В ДТП в Нигерии погибли 15 футболистов,0
468,«Только советский человек может взять Интернационал»: Зюганов заявил о решающей роли советского образования в победе Team Spirit,1
469,В Yakuza 5 появится новый город,0
470,Биологи нашли способ остановить старение сердца,0
471,Пенсионерам выплатят по 500 рублей за обещание не смотреть расследование о Володине,1
472,Минстрой предложил уравнять стоимость недвижимости в Москве и регионах,0
473,Холифилд проведет бой с 45-летним датчанином,0
474,Приток капиталов в Россию к концу года превысит вывоз на 20 миллиардов долларов,0
475,«Газпром» договорился с Shell о добыче углеводородов в Арктике,0
476,"Бюджетники, добавившие карту «Мир» на iPhone, будут лишены льгот",1
477,"Памфилова рассказала, как не позволила украсть победу Путина в 2018 году",1
478,К 2005 году у Джулии Робертс будет двойня и 12 друзей Оушена,0
479,Играющим против России в компьютерных играх запретят избираться в депутаты,1
480,Доказана смертельная опасность соли,0
481,Российские продажи Metal Gear Solid 4 начнутся вечером 20 июня,0
482,Китай скопировал российский истребитель Су-27,0
483,Национальная академия наук США будет сотрудничать с Голливудом,0
484,Астроном предлагает изменить определение астрономической единицы,0
485,Нидерланды распродают часть парка F-16,0
486,Робин Уильямс успел завершить работу над четырьмя новыми фильмами,0
487,Членов казачьих сообществ освободят от платы за услуги вытрезвителей,1
488,"Вакцина для евреев, ушедший со свадьбы жених, юбилей Компартии КНР и остроумные ответы Путина в нашей традиционной рубрике «Панорама недели»",1
489,Жителю Тулы по ошибке выдали QR-код от алкоголизма,1
490,Получение PayPal лицензии ЦБ не подтвердилось,0
491,В Белоруссии заблокируют YouTube за отказ продвигать в тренды двухчасовой фильм о планах Запада по срыву посевной,1
492,Главным тренером сборной России по волейболу стал серб Зоран Гайич,0
493,Минпромторг разрешил российским производителям клеить на свои бутылки этикетки Moët & Chandon и Hennessy,1
494,iPhone 3G без SIM-карты в России продавать не будут,0
495,МОК объявил о переносе Олимпиады из Токио в Геленджик,1
496,Приток средств в российские ПИФы вырос втрое,0
497,Улюкаев допустил пересмотр прогноза экономического развития России,0
498,Россиян призвали не реагировать бурно на падение курса рубля,1
499,Программа «Квартирный вопрос» проведёт реновацию в подвале «скопинского маньяка»,1
500,Для посещения Краснодарского края туристов обяжут носить красную звезду,1
501,"Ростовские психиатры пытаются помочь юноше, возомнившему себя Владимиром Соловьёвым",1
502,Инвесторы начали платить 155 долларов за баррель нефти,0
503,Чиновники предложили принудительно утилизировать японские б/у авто из-за несоответствия российским стандартам качества,1
504,МЧС подтвердило запрет на использование свечей от геморроя в жилых помещениях,1
505,Александр Лебедев уволился из собственного банка,0
506,Сборная России проиграла на Чемпионате мира по хоккею второй матч подряд,0
507,Терешкова выступит с инициативой о преобразовании РФ в Российскую империю,1
508,QR-коды москвичей отсканируют при покупке товаров и услуг,1
509,Роман Полански пропустит Берлинский кинофестиваль,0
510,Дизайн Halo 4 поручили создателю Killzone,0
511,Россиян вновь захотели ограничить в энергопотреблении,0
512,Французские исследователи обнаружили в древнегреческих мифах упоминание богини бодипозитива,0
513,Samsung провалила своевременные поставки Galaxy S8,0
514,США будут добиваться санкций против Центробанка Ирана,0
515,В США разработали высокоточный метод 3D-печати стекла,0
516,Создатель Людей в черном сделает из Джима Кэрри гангстера,0
517,MGM попросила у акционеров денег на Хоббита,0
518,"Российских учёных, находящихся в местах лишения свободы, соберут в «научной колонии»",1
519,Лучший снайпер ЦСКА покинул команду,0
520,Эстония запустила первый спутник,0
521,Суд отменил дисквалификацию российской легкоатлетки из-за срока давности,0
522,Зенит разгромил Крылья Советов,0
523,«2 Tesla за биткоин — это лохотрон»: Чубайс раскритиковал Илона Маска,1
524,Малайзия установит пулеметы и ракеты на вертолеты A109H,0
525,Россия не захотела вернуть себе иконостас из Соловецкого монастыря,0
526,ЦИК: «Наименьшее количество нарушений было зафиксировано на участках без наблюдателей»,1
527,Комитет Госдумы поддержал введение штрафов за разглашение информации об увиденном на митингах,1
528,"Израильские военные сбили сани Санта Клауса, перепутав их с крылатой ракетой",1
529,Депутат Госдумы раскритиковал россиян за тягу к дешёвым автомобилям,1
530,С 1 января россиянам запретят использовать выгребные ямы,1
531,«Талибан»* проспонсирует строительство Главной мечети Вооружённых сил РФ,1
532,Генпрокуратура России передала Франции материалы о коррупции в IAAF,1
533,"Доцент Соколов осудил поступок петербуржца, повесившего свой портрет в Эрмитаже",1
534,"Сердюков признался, что является сооснователем сервиса Avito",1
535,Россиян будут штрафовать за отсутствие канализации,1
536,Нидерландская FrieslandCampina прекратила выпуск сыра для России,1
537,В Швеции насильно выдали замуж уроженца Дагестана,1
538,На Лубянской площади установят памятники всем главам органов госбезопасности до 1999 года,1
539,В России начали блокировать банковские карты со слишком низкими зарплатами,1
540,Разочарование в экономике США спровоцировало рост цен на золото,0
541,Правительство решило играть против рубля,0
542,Кеосаян снимет сериал о штурме дома «мытищинского стрелка»,1
543,К участникам и зрителям шоу «Голос» пришла полиция,1
544,Исинбаева на личные деньги построила спортплощадку для детей-инвалидов,1
545,В отношении YouTube начата проверка на предмет реабилитации нацизма,1
546,Активные члены Юнармии получат статус ветеранов Великой Отечественной войны,1
547,Римейк Птиц не будет базироваться на фильме Хичкока,0
548,Ян Симеринк — жертва россиянина Давыденко,1
549,В России запретят привлекать заключённых к видеофиксации пыток в тюрьмах и колониях,1
550,Ученые обнаружили паука-вегетарианца,0
551,Кличко подвел итог боя с Хэем без единого слова,0
552,С должников обанкротившегося банка взыскали два миллиарда рублей,0
553,"«Лягушатникам лучше не нарываться»: Мария Захарова поставила на место французских провокаторов, затеявших скандал с шампанским",1
554,Портрет Путина месяц провисел в отеле Трампа как ни в чем не бывало,1
555,Пашинян приказал вернуть Ноев ковчег в состав флота Армении,1
556,Аналитики спрогнозировали рост акций «Роснефти»,0
557,Вместо «дальневосточного гектара» депутатам Госдумы по ошибке выделили земельные участки на берегу Красного моря,1
558,Лесосибирский священник назвал божьей карой обрушение стеллажей с алкоголем на складе в Красноярске,1
559,"Полиция разыскивает мошенников, продававших QR-коды для попадания в рай",1
560,Сергей Гимаев назвал виновника ухода Набокова из СКА,0
561,Роскачество: наушники AirPods 3 снижают качество звука при воспроизведении музыки на русском языке,1
562,Госдума приняла в первом чтении закон о запрете отрицания исторически сложившихся взглядов,1
563,Родителям запретят будить детей по утрам,1
564,"39-летняя жительница Саратова стала первым человеком на Земле, прошедшим игру The Sims 2",1
565,Министерство просвещения советует учителям сознательно делать ошибки для проверки знаний школьников,1
566,В рамках борьбы против гендерной дискриминации в ЕС запретят писсуары,1
567,Главный тренер Динамо Иво Вортманн отправлен в отставку,0
568,Победитель Де Ла Хойи проведет бой с победителем Цзю,0
569,Правительство проиндексирует минимальный размер взяток к лету 2021 года,1
570,В ЦАХАЛ появится казачья рота,1
571,На острове Русский во Владивостоке появился проспект Си Цзиньпина,1
572,Разобрали за 3 часа: в Варшаве открылся магазин с атрибутикой от Лукашенко,1
573,В законодательство предложили ввести понятие семья-иноагент,1
574,Найден неизвестный портрет кисти Веласкеса,0
575,Белорусский суд лишил «Комсомольскую правду» ордена Ленина,1
576,EADS обвинили в нечестном участии в тендере ВВС США,0
577,Блокировку нецензурной лексики в интернете поручат рабочим металлургических предприятий,1
578,Илон Маск выкупил у Казахстана «Гагаринский старт»,1
579,Голубятни обяжут получать лицензию на оказание услуг связи,1
580,"Навальный на деньги ФБК покупал подарки чиновникам, чтобы обвинить их в коррупции",1
581,Евросоюз будет собирать с российских туристов налог на глобальное потепление,1
582,На открытии обновлённой Парижской филармонии симфонический оркестр исполнит одну из композиций Моргенштерна,1
583,Для удобства хранения сбережений Центробанк выпустит серию банкнот номиналом от 100 млн до 1 млрд рублей,1
584,Россия получила японский кредит,0
585,Набоков и Брызгалов разделят игровое время на Олимпиаде-2010,0
586,В Саратове ветерана ВОВ поздравили с Днём Победы «Лебединым озером»,1
587,Россия снизит пошлины на четыре тысячи товаров,0
588,В Румынии объявили тендер на уничтожение Приднестровья,1
589,Москвичам разрешат провести ночь в музее,0
590,"Аркадий Ротенберг заявил, что владеет Спасской башней Кремля и частью Алмазного фонда",1
591,Линдсей Лохан лишилась второй роли за год,0
592,"Apple представила эко-версию iPhone 13, распространяемую без упаковки",1
593,Названа причина нового глобального кризиса,0
594,Группе «Тараканы!» отказали во въезде на Украину,1
595,Google сократит 4000 рабочих мест в Motorola Mobility,0
596,Вышел трейлер новых «Елок»,0
597,Ростуризм предложил обменять сгоревшие путевки в Турцию на поездку по Золотому кольцу России,1
598,«Это наш подарок съезду»: крестьяне Таймыра первыми завершили уборку картофеля,1
599,Гонка с препятствиями «Стань человеком-3» пройдет в Москве 3 и 4 октября,1
600,Путин затруднился назвать размер зарплаты Сечина,0
601,Минпросвещения предложило убрать из школьной программы иностранные языки,1
602,"Гарри Маркл не поедет на похороны своего дедушки, если ему не вернут зарплату принца",1
603,Руководителем российской космической программы назначен Мюнхгаузен,1
604,Ведущие лингвисты страны предложили изъять из русского языка предлог «из»,1
605,Геофизики определили «потерянный элемент» ядра Земли,0
606,Гнилостные грибы помогут улучшить звучание скрипок,1
607,"Россия эвакуирует украинских наёмников, застрявших в Кабуле, в Луганск",1
608,Дэниел Рэдклифф объяснил свое отсутствие на предпоказе спектакля о Гарри Поттере,0
609,Эксмо начало переговоры о поглощении группы АСТ,0
610,Банки поделятся биометрическими данными россиян с коллекторами,0
611,Обладатель прав на песни Цоя подал в суд на «ВКонтакте»,1
612,Dell выпускает компьютер для геймеров за 10000 долларов,0
613,Домодедово заявило о незначительном удорожании билетов от повышения сборов,0
614,Сборная России по футболу сыграла вничью с Кот-дИвуаром,0
615,Новый порядок госзакупок за год сэкономит 230 миллиардов рублей,0
616,«Отряды Путина» пригрозили выпороть ремнём «маленьких навальнят» 23 января,1
617,Карпин и Федун оценили результаты жеребьевки Лиги чемпионов,0
618,"Белоруса с коронавирусом, намеренно ходившего на приёмы к чиновникам, задержали в РОВД",1
619,Гей-драма о Сергее Эйзенштейне выйдет в российский прокат,0
620,Китайский космический зонд «Тянвэнь-1» сфотографировал поместье Дмитрия Рогозина,1
621,Дмитрий Козак провел заседание оргкомитета Российского инвестиционного форума,1
622,Режиссер Роб Коэн лишился средневекового проекта,0
623,Телефонные гарнитуры для колл-центров внесут в список разрешенных предметов для передачи в места лишения свободы,1
624,Столицу России официально перенесут в Сочи,1
625,Камеру на Рублёвском шоссе демонтировали из-за клеветы на чиновников,1
626,Ведущим обновлённого «Поля чудес» будет Дмитрий Нагиев,1
627,"В Сызрани задержан шпион, передававший Украине сведения о конструкции ракеты «Сатана»",1
628,Отдыхающие в Египте россияне пожаловались на засилье иностранцев на курортах в период пандемии,1
629,Мэйуэзер дебютирует в MMA,0
630,Илон Маск посетовал на невозможность ускорить выход Half-Life 3,1
631,Обновление 5G чипов после вакцинации появилось на портале Госуслуги,1
632,Комедия «Горько!» сместила «Сталинград» с первого места в прокате,0
633,Росавиация разрешила не включать в стоимость авиабилетов взлёт и посадку,1
634,Роналду расстался с «Мисс Испания-2014»,0
635,Москвичи фейерверками подожгли здание посольства Польши,1
636,Acer выбрал себе нового президента,0
637,В Новосибирске прошли соревнования по скоростному сжиганию покойников,1
638,Зампред ЦБ предрек значительный рост в 2016 году банковских вкладов россиян,0
639,Самки дельфинов научились готовить себе еду,0
640,Каждому россиянину установят план по деторождению,1
641,Процесс принятия решений отследили на клеточном уровне,0
642,Уличённого во взятке сотрудника ГИБДД Таганрога лишили звания маршала,1
643,Доктор Мясников призвал россиян делать меньше вдохов,1
644,Киев купит миллиард кубометров российского газа до конца недели,0
645,Скончался бывший исполнительный директор РУСАДА Никита Камаев,0
646,В Госдуме предложили продавать в метро настоящие дипломы вузов,1
647,Сбербанк объявил о покупке Саратовской области,0
648,"«Простите меня, уральцы, я просто редко бывал в Омске»: Жириновский пересмотрел своё мнение насчёт самого тупого региона России",1
649,"Школьников, сдающих ЕГЭ по истории, заставили написать опровержение обзоров BadComedian",1
650,Смартфоны в России подешевели на 19 процентов,0
651,В России появилась первая улица имени Фанни Каплан,0
652,Мадонна возглавила американский чарт,0
653,Битловский фильм A Hard Days Night оцифрован и заново вышел в прокат,0
654,Рэппер T.I. не смог получить премию из-за пулеметов,0
655,Фирташ решил купить остановленный ТНК-BP завод,0
656,Турция передаст Украине купленный у России комплекс С-400,1
657,Экипаж МКС задержится на орбите из-за аварии Прогресса,0
658,Совершена попытка захвата Братского лесокомбината,0
659,"Россиян, не желающих вакцинироваться от коронавируса, будут депортировать в страны Евросоюза",1
660,Верховный суд подтвердил право граждан СССР на получение бесплатных квартир,1
661,Медведев признал ошибки пенсионной реформы,0
662,Мошенники под видом сотрудников ФБК провели обыск у прокурора в Татарстане,1
663,Супермаркеты Москвы ограничат продажу мяса на время Великого поста,1
664,Джо Байден получил медаль За успехи в джихаде,1
665,"Макрон извинился перед мигрантом, давшим ему пощёчину",0
666,Представитель Кержакова опровергла информацию о работе игрока на «Матч ТВ»,0
667,Полиция опровергла слухи о смерти Пола Гаскойна,0
668,Россия стала лидером по закупкам норвежской рыбы,0
669,В Лондоне покажут неизвестный прижизненный портрет Шекспира,0
670,«Звездные войны» стали самой популярной игрой для iPad в России,0
671,Тренер Челси нашел причину неудач Фернандо Торреса,0
672,Президент шахматной федерации США ответил на обвинения Илюмжинова,0
673,"Интервью с двойником Ельцина к 30-летию августовского путча: «Вообще я человек непьющий, но тогда я хорошенько поддал»",1
674,Жан Рено и Стив Мартин приедут в Москву,0
675,В Катаре продан самый дорогой ковер в мире,0
676,Переводчик назвал победительницу «Евровидения» коровой и подставил Нетаньяху,0
677,Российские микробы оказались полезнее финской чистоты,0
678,Бог Кузя стал кандидатом от «Умного голосования» во Владимире,1
679,Ученые определили идеальную диету для секса,0
680,Из Всероссийской переписи населения убрали пункт о национальности,1
681,Родственники Александра Солженицына через суд добились его захоронения в мавзолее на Красной площади,1
682,Группа чеченских алкоголиков получила политическое убежище в Евросоюзе,1
683,"Угнанная Lamborghini, экспонировавшаяся на Иннопроме, возвращена дагестанскому владельцу",1
684,Sony официально анонсировала новую модель PSP,0
685,"Экономный россиянин рассказал, как целый год смог обходиться одним рулоном туалетной бумаги",1
686,"Московский суд оправдал таксиста, избившего антипрививочника",1
687,В аргентинских школах покажут матчи ЧМ-2006,0
688,«Зенит» проиграл новичку чемпионата России,0
689,Специалисты по ролевым играм будут работать в новом жанре,0
690,Эксперты заявили о поджоге Троицкого собора,0
691,Хедлайнерами Coachella-2012 станут The Black Keys и Radiohead,0
692,Переход на зимнее время произойдёт не во всех регионах России,1
693,Русал обвинил руководство Норникеля в безответственности,0
694,Белоруссия потратит новый кредит от России на разворачивание аналога китайской системы общественной безопасности,1
695,РЖД сделает платными туалеты в поездах,1
696,Феникс избрал новую тактику сбора образцов,0
697,Кейт Уинслет объяснила хранение «Оскара» в ванной комнате,0
698,В Генштабе начались учения по эвакуации детей чиновников в случае разрыва отношений с Евросоюзом,1
699,Из лондонской галереи украдены драгоценности Мэрилин Монро,0
700,Антимонопольщики уличили таможенников в нарушении закона о госзакупках,0
701,В правительстве допустили начисление социальных выплат баллами «Спасибо»,1
702,Фотонную нейронную сеть научили считать,0
703,В Кемерово родился первый в России ребёнок с врождённым QR-кодом,1
704,«Газпром» бесплатно газифицирует дома выходцев из России в Великобритании,1
705,Новый закон позволит проводить митинги исключительно в ночное время,1
706,"Все артисты, имеющие недвижимость в США, будут признаны иностранными агентами",1
707,Ольга Бузова стала членом-корреспондентом МГУ,1
708,"Зенит обыграл в Москве Локомотив, но догнать Торпедо не смог",0
709,РПЦ предлагает избавиться от имён языческих богов в названиях месяцев,1
710,Кокорин вернулся и забил,0
711,Корейскую еду признали полезной для космонавтов,0
712,«Лестницу Иакова» переснимут,0
713,На Украине прошли празднования 300-летия победы Карла XII в Северной войне,1
714,"ПФР потратит 290 миллионов рублей на оповещение пенсионеров, что размер выплат в России выше, чем на Украине",1
715,Россия поможет перуанским ВВС отремонтировать вертолеты,0
716,"Крупнейшего производителя сахара в России оценили в 1,8 миллиарда долларов",0
717,Названы сроки переворота магнитных полюсов Земли,0
718,Российский банк развития в пять раз увеличит кредитование предпринимателей,0
719,Многодетным семьям выделят бесплатные презервативы,1
720,Лионель Месси проиграл выборы лучшего спортсмена Аргентины,0
721,Грета Тунберг: «Мы очищали планету вместе с Брейвиком»,1
722,Космонавт заснял с орбиты экологическую катастрофу,0
723,Власти Испании по ошибке кремировали тело Джона Макафи,0
724,AMD показала внешнюю видеокарту для ноутбуков,0
725,«Русал» приостановил производство на Богословском заводе,0
726,Лосьон «Огуречный» разрешат продавать вместе с алкогольной продукцией,1
727,Глава МЭФ приказал поголовно вакцинировать население планеты от всех вирусов,1
728,На Пасху украинские дроны будут сбрасывать конфеты Roshen на жителей Донецка,1
729,В доходной части бюджета недосчитались 250 миллиардов рублей,0
730,В Госдуме предложили конфисковывать квартиры митингующих в пользу раненых силовиков,1
731,Ученые выбрали места для поиска жизни на Марсе,0
732,Россия-1 покажет 9 мая спектакль Голая пионерка,1
733,Почта «Яндекса» защитит от прочтения находящиеся в пути письма,1
734,Спустя 16 лет Сатана вновь взлетит из шахты,0
735,"BP заплатит 4,5 миллиарда долларов за разлив нефти",0
736,Matsushita выпустила новый DVD-рекордер для 50-гигабайтных дисков,0
737,Итальянцы поместили Владимира Соловьёва на доску почета за помощь в борьбе с коронавирусом,1
738,Россия предлагает МВФ сотрудничество до 2003 года,0
739,Минздрав просит всех привившихся вакциной «Спутник V» срочно прийти в поликлинику для обновления прошивки микрочипа,1
740,«Брянск-Север»: хакеры взломали пароль Пентагона,1
741,Вышел трейлер горнолыжной драмы «Со дна вершины» с Вдовиченковым,0
742,Эллен Пейдж займется режиссурой,0
743,"Вор должен сидеть в тюрьме: Жерар Депардье объяснил россиянам, почему Навальный должен получить реальный срок",1
744,Сбербанк провел первый платеж с помощью блокчейна,0
745,Потерявшего власть президента Гвинеи лишили российского Ордена Дружбы,1
746,Средняя зарплата китайских заключённых превысила 1500 долларов в месяц,0
747,Начались раскопки античного города Клатерна,0
748,Названы самые возбуждающие песни,0
749,В Госдуме предложили распространить закон об иноагентах на антироссийские идеи,1
750,Терминатор потерпел поражение от Веселого Роджера,0
751,Посол Таджикистана вызван в МИД России из-за некачественного ремонта кремлевской стены,1
752,Флаги Латвии и Литвы на Петербургском международном экономическом форуме заменили флагом Третьего рейха,1
753,Гуус Хиддинк поменял состав сборной России,0
754,Илон Маск попал на сайт «Миротворец»,1
755,Греф уводит государство из экономики,0
756,Юрий Шатунов: «Навальный давно никому не интересен»,1
757,В США начались финальные тесты теннисного видеоповтора,0
758,Франция объявила в международный розыск Мишкина и Чепигу,0
759,Пол Маккартни назван самым богатым музыкантом Великобритании и Ирландии,0
760,Собянин объявил о начале работ по замене плитки на Красной площади,1
761,Состав Госдумы увеличат до тысячи депутатов,1
762,Вольский создает политбюро для олигархов,1
763,Угнанный крейсер «Аврора» вернули на место,0
764,Альбом сайд-проекта Arctic Monkeys выйдет приложением к газете,0
765,Дмитрий Киселёв оштрафован на 50 тысяч рублей за упоминание фамилии Навальный,1
766,Сергей Собянин утвердил план работ по укладке плитки в московском метро,1
767,Высокая скорость столкновения галактик мешает рождению звезд,0
768,Арбитр матча Германия — Англия отчислен с ЧМ-2010,0
769,Ольга Бузова стала почетным магистром клуба Что? Где? Когда?,1
770,Россия и Венесуэла создадут совместный банк,0
771,Запуск первого туркменского спутника вновь отложен,0
772,Правительство сократило имущественный взнос в Олимпстрой,0
773,Три генерала подали в отставку из-за смерти хоккеиста Черепанова,0
774,Samsung выпустит телефоны с гибким экраном в 2012 году,0
775,В России повысят призывной возраст до 30 лет,1
776,Александр Лукашенко обманул телефонных мошенников и повесил на них несколько кредитов,1
777,Россияне горячо поддерживают предвыборную программу партии «Единая Россия»,1
778,ЦСКА подал жалобу на судейство в матче с Аланией,0
779,"Партия Саакашвили внесла в парламент законопроект, запрещающий Владимиру Познеру отмечать дни рождения в Грузии",1
780,Патриарх Кирилл запретил прощать либералов в Прощёное воскресенье,1
781,Дворкович сообщил подробности блокировки украинских фур в России,0
782,Россиян разрешили кормить мучными червями,1
783,Театральные буфеты перестанут обслуживать иноагентов,0
784,"Патриарх Кирилл: российский народ сейчас обеспечен всем, кроме самого главного – госидеологии",1
785,Из-за угрозы «Умного голосования» выборы в Госдуму пройдут на безальтернативной основе,1
786,Транснефть не учла ЮКОС в своем графике экспорта нефти,0
787,Крейсер «Аврора» раскрасят во все цвета радуги,1
788,Евросоюз введёт санкции против России и Китая из-за застрявшего судна в Суэцком канале,1
789,Минобороны отказалось от серой окраски самолетов,0
790,Россвязь разрешила использовать iPhone 4,0
791,Во Франции запретили фильм Ларса фон Триера «Антихрист»,1
792,Прокуратура отклонила иски Кервьеля к Societe Generale,0
793,Режиссер Бумера снимет фильм о Владимире Высоцком,0
794,Палестинец похищал воду из кранов жителей Еврейской АО,1
795,"Российский ВВП сократился на 1,4 процента",0
796,Роскомнадзор обязал YouTube проигрывать гимн России перед роликами,1
797,Полиция возбудила дело о реабилитации нацизма из-за надписи «Володин — ахтунг» на стене Госдумы,1
798,Ирак возобновил экспорт нефти в полном объеме,0
799,В Китае ввели условную смертную казнь для партийной элиты,1
800,"Силовики пресекли работу крупного овощного рынка, на котором незаконно продавался укроп",1
801,Для помощи в тушении лесов в России введут акциз на спички и зажигалки,1
802,Amnesty International осудила Россию за отсутствие СИЗО для трансгендеров,1
803,Бельгия вышлет королевскую семью в Конго в качестве компенсации за многолетнее угнетение,1
804,Мосгордума передаст столичным властям контроль за сложными зданиями,1
805,В Швейцарии раздавили бульдозерами 2 тонны российских молокосодержащих сыров,1
806,Салават Юлаев вышел в лидеры Восточной конференции,0
807,На Валдайском форуме принято решение развивать российскую экономику,0
808,Путин вручил госнаграду создателю сериала «Улицы разбитых фонарей»,1
809,Минкомсвязи выделит 450 миллионов рублей «Почте Крыма»,1
810,Григорий Явлинский: «Этот дом я выиграл в лотерею для вакцинированных от коронавируса»,1
811,Майкл Джексон снова попал в больницу,0
812,Полет Су-30 напомнит России о Чкалове,0
813,Семейка Аддамсов превратится в мюзикл,0
814,BFG-tech выпустила новую AGP-видеокарту GeForce 7800 GS,0
815,В Госдуме рассмотрят законопроект о праве работодателей увольнять беременных женщин,1
816,После подписания закона об обязательном представительстве иностранных IT-компаний в России Rule34 откроет свой офис в Москве,1
817,Скандальная скульптура «Большая глина No 4» стала местом встречи представителей московских ЛГБТ-сообществ,1
818,Центробанк России провёл учения по переводу расчётов в WeChat,1
819,Disney превратит Пиратов Карибского моря в ролевую игру,0
820,Футболист Тарасов развелся с телеведущей Бузовой,0
821,Ростехнологии закупят самолеты для Аэрофлота,0
822,Ванга: «После ядерного удара на Земле останутся двое: королева Елизавета и лысоватый мужчина с усами»,1
823,Гандболисты России вышли в четвертьфинал чемпионата мира,0
824,Мэрия Норильска запретила ежегодный гей-парад металлургов,1
825,Газпром предлагают заставить пускать независимых производителей к трубе без отказа,0
826,Диего Марадона убрал двойной подбородок,0
827,В Москве и Санкт-Петербурге выступят звезды мировой скрипичной музыки,0
828,В Госдуме призвали ограничить право представителей ЛГБТ-сообщества на получение бесплатного высшего образования,1
829,В России запретят показывать научные телепередачи до полуночи,1
830,Европейских политиков обяжут отправлять записи всех своих телефонных разговоров в АНБ в течение 24 часов,1
831,Дочка ЮКОСа не получит денег материнской компании,0
832,"Бургомистр Кёльна заявил, что примет с распростёртыми объятиями беженцев из Афганистана",1
833,ГосНИИОХТ к годовщине отравления Навального выпустил улучшенную версию «Новичка»,1
834,Германия вышлет 76 российских дипломатов из-за проведения парада Победы,1
835,Аспирин назвали спасением от рака,0
836,"Пьяные белорусский и российский дальнобойщики, работающие в Польше, атаковали дом премьер-министра",1
837,Футболисты молодежной сборной Чили подрались с полицией,0
838,"Директор Федерального бюро тюрем США выразил сожаление, что не сможет посетить СИЗО «Лефортово» из-за российских санкций",1
839,Ринго Старр оказался самым богатым барабанщиком мира,0
840,Группа Van Halen воссоединится со своим первым вокалистом,0
841,Наследница империи LOreal призвала ввести налог на богатых,0
842,Ахметов отказался менять капитана Шахтера на газ,0
843,"Чиновникам разрешат сбивать пешеходов, россиян попросили уменьшить размер блинов, празднование 8 марта и мудрые решения Роскомнадзора в нашей еженедельной рубрике «Панорама недели»",1
844,В Москве стартует онлайновый театральный фестиваль,0
845,НАТО решилось на покупку беспилотников,0
846,Ак Барс усилился финном из НХЛ,0
847,Роскомнадзор заблокировал американский интернет на время проведения выборов в Госдуму,1
848,Российскому режиссеру запретили возводить стену в центре Берлина,0
849,Таможенники США приняли участниц южнокорейской группы Oh My Girl за проституток,1
850,Патриарх Кирилл упрекнул «Коммунистов России» в препятствовании канонизации Иосифа Сталина,1
851,ВМС Норвегии получили последний фрегат класса Фритьоф Нансен,0
852,Детская книга Как Путин с Шойгу в тайгу ходили начала поступать в российские школы,1
853,Рабочие завода «Звезда» объявили забастовку в поддержку Владимира Путина,1
854,В ЦБ рассказали о копеечном ущербе от кибератак,0
855,Социальный рейтинг россиян приравняют к количеству их антител,1
856,Майкл Бэй обещает эпических Трансформеров,0
857,В России создадут институт полевых антиэкстремистских судов,1
858,Британские ЛГБТ-активисты посетят заводы Челябинска и Магнитогорска,1
859,МИД России запретил ЦРУ нанимать на работу российских граждан,1
860,В морском дне нашли массивные залежи пресной воды,0
861,Московским автовладельцам придется раскошелиться,0
862,Программисты будут платить налог на развитие суверенного интернета,0
863,Разбившийся украинский Су-27 оказался непригоден для полетов,0
864,Белоруссия впервые победила США на чемпионате мира по хоккею,0
865,Обзор рынков: доллар подешевел почти на 11 копеек,0
866,"Жизненно важные органы не задеты: врачи спасли жизнь TikTok-блогеру, отпилившему себе голову бензопилой ради лайков",1
867,В Москве зафиксированы первые голодные смерти из-за отказа ресторанов обслуживать посетителей без QR-кодов,1
868,Amazon начал прием заказов на заводные ноутбуки,0
869,Объем слияний в российском потребсекторе достиг 15 миллиардов долларов,0
870,Памфилова разрешила аннулировать голоса за кандидатов от Умного голосования,1
871,Легкоатлет случайно убил судью,0
872,Погорельцы смогут получить скидки на покупку стройматериалов,1
873,Итальянский суд конфисковал виллу Владимира Соловьёва в пользу Республики Тыва,1
874,В Казани отпраздновали годовщину сожжения Москвы Тохтамышем,1
875,Сценариста НТВ короновали в воры за сериал Точка фарта,0
876,Роскомнадзор внёс в список экстремистских материалов фильм «Девятая рота»,1
877,Сергей Собянин объявил об уходе с поста мэра Москвы,1
878,Компания Sun Microsystems уволит три тысячи сотрудников,0
879,Японского изобретателя робота-сборщика клубники внесли в базу «Миротворца»,1
880,Майли Сайрус выложила провокативный тизер нового клипа,0
881,"Блогеров, снимающих ролики для TikTok, поставят на учет в полиции",1
882,Россия поставит в Казахстан и Лаос вертолеты Ансат,0
883,ИК-2 во Владимирской области внесена в список организаций-иноагентов,1
884,Парагвай обыграл Словакию на ЧМ-2010,0
885,Турция отправит миротворцев в Армению для защиты коренного населения страны,1
886,«Газпром» бесплатно проведет газ в отдалённые кубинские деревни,1
887,Пакистан провел испытания улучшенной версии баллистической ракеты,0
888,"Кактус, посаженный рядом с 5G-вышкой, засох через полчаса",1
889,Росстат будет считать зарплату россиян в копейках,0
890,Алекперов назвал срыв контракта с Ираком местью политикам,0
891,Пол Маккартни устроил спонтанный концерт на Таймс-сквер,0
892,Ильюшин продал самолетов на миллиард долларов,0
893,Вымпелком купил сотового оператора в Камбодже,0
894,В США дисквалифицировали выигравшего чемпионат без соперников 60-летнего ходока,0
895,Игра про правильное время: Геннадий Зюганов посоветовал включить прохождение Бесконечного лета в школьную программу,1
896,Посвященные Pussy Riot рисунки сняли с феминистской выставки,0
897,Орландо Блум назначен послом доброй воли ЮНИСЕФ,0
898,Космонавт из Зимбабве заменит Юлию Пересильд в фильме «Вызов»,1
899,"Дагестанцев, сдавших ЕГЭ менее чем на 90 баллов, отправят на пересдачу",1
900,У динозавра с самым коротким именем нашли крылья летучей мыши,0
901,После Братьев и Сестер Сельянова привлекли шоферы,0
902,Власти обязали москвичей старше 65 лет спать в масках и перчатках,1
903,В Лондоне открылась выставка Родченко,0
904,Минпромторг разработал профессиональные нормы потребления алкоголя,0
905,"Из музея украли соху, с которой Сталин принял Россию",1
906,Укрепление рубля связали с попыткой переворота в Турции,0
907,Российские рыбаки украли 500 км подводного интернет-кабеля между США и Европой,1
908,"Депутатов, избранных по рекомендации Умного голосования, лишат неприкосновенности",1
909,«Роскосмос» снабдит космонавтов инструкцией на случай вселения демонов в иностранных членов экипажа,1
910,Российская фехтовальщица завоевала золото чемпионата Европы,0
911,МВД России предоставит автобусы для встречи Алексея Навального,1
912,Глава ЦБ посоветовала российской экономике адаптироваться к новым условиям,0
913,Минпромторг расширил список роскошных автомобилей,0
914,Из-за аварии на подстанции «Ольгино» рейтинг «Единой России» обвалился на 60%,1
915,Для обуздания инфляции в России введут продуктовые карточки,1
916,КПРФ признали экстремистской организацией,1
917,Производитель детского питания оказался на грани дефолта,0
918,Китайский геймер подделал документы ради спасения своего персонажа,0
919,Самозанятых рэперов выпишут из категории музыкантов,1
920,Роды в России станут платными,1
921,Минфин начинает обмен коммерческого долга СССР на еврооблигации,0
922,Amnesty International признала Иосифа Сталина жертвой политических репрессий,1
923,Деятели культуры заступились за дом Волконских,0
924,Рогозин пообещал запустить портреты ветеранов на Марс,1
925,Эксперты прогнозируют стагнацию российской нефтедобывающей промышленности,0
926,Кубок мира по лыжам выиграл чех Бауэр,0
927,"Количество газетных киосков в России, продающих насвай, сократилось на 11%",1
928,"В Забайкалье обнаружен уникальный ребёнок, который протрезвевает в пять раз быстрее обычного",1
929,В дни матчей Евро-2020 Дворцовый мост в Петербурге раскрасят в цвета ЛГБТ,1
930,Сборная Германии по футболу потребовала у Польши открыть границу для беженцев,1
931,Шарапова поднялась на седьмое место в теннисном рейтинге,0
932,"Полиции Балтимора запретили раскрывать информацию о преступлениях, если она способствует расовым стереотипам",1
933,Украина будет строить Ан-70 с Боингом и Эйрбасом вместо России,0
934,Робот Фёдор вступил в «Единую Россию»,1
935,«Сделали ставку на совместную работу»: Герман Греф рассказал о готовящемся объединении Сбербанка и букмекерской конторы,1
936,Собянин предложил Крыму перейти на электробусы,1
937,Белорусские точки общепита будут закрыты для вакцинированных граждан,1
938,Депутаты Татарстана переименовали должность президента республики в верховного хана,1
939,Роснефть купила сервисные активы компании-банкрота ЮКОС,0
940,Выросли продажи бензинов «Роснефти» на Петербургской международной бирже,0
941,Злостным нарушителям закона о митингах ограничат доступ в Интернет,1
942,Большой театр сохранил за Цискаридзе право на преподавание,0
943,Украина потратила на газ 12 миллиардов долларов за год,0
944,КГБ Белоруссии возобновил расследование убийства Кеннеди,0
945,Тренер российских волейболисток сохранит пост после неудачи на Олимпиаде,0
946,На новогодние выходные ГИБДД отключит камеры фиксации нарушений ПДД,1
947,Мировые цены на нефть значительно снизились,0
948,"Депутаты жалуются на двойников, принимающих иностранное подданство",1
949,Юрий Семин готов взять в сборную натурализованных легионеров,1
950,«Беспрецедентный масштаб подмены анализов»: МОК расследует отсутствие допинга в пробах российских спортсменов,1
951,Яндекс.Такси ввел функцию «Славянский водитель»,1
952,"Госдума приняла закон, разрешающий Назарбаеву участвовать в выборах 2024 года",1
953,Газпром и Нафтогаз поправили газовые контракты в пользу Украины,0
954,Вступление в ВТО увеличит экономический рост России на 1% в год,0
955,Депутаты обсудят ограничение зарплат топ-менеджеров в госбанках,0
956,"В Санкт-Петербурге осудили сотрудницу музея Фаберже, несколько лет подряд красившую яйца на Пасху",1
957,"SMS-голосованием выберут больницу, которую посетит с рабочим визитом премьер-министр",1
958,«Мордовия» победила на старте чемпионата России,0
959,Южная Корея выбрала F-35,0
960,Надаль проиграл 135-й ракетке мира в первом круге Уимблдона,0
961,Россия получит ремейки игр Kingdom Hearts в один день с Европой,0
962,"КАМАЗ представил не имеющий аналогов в мире электробус, работающий на бензине",0
963,Мексика заморозила цены на продовольствие,0
964,В Москве покажут Уорхола для коллекционеров,0
965,Госдума рассмотрит возможность использования позорного столба в качестве наказания за мелкие правонарушения,1
966,Россия вооружила Индию противолодочным Морским змеем,0
967,В музей Титаника в Нэшвилле передадут торпеду,1
968,«Образованный революционер»: Алексей Навальный получил прозвище в СИЗО,1
969,Доллар упал ниже 64 рублей на фоне дорожающей нефти,0
970,В Румынии украли коня президента,0
971,«Американский психопат» станет мюзиклом,0
972,Турецкий «Галатасарай» на год отстранили от еврокубков,0
973,Ридли Скотт покажет нового Чужого в сиквеле «Прометея»,0
974,Белоруссия откажется от российского электричества,0
975,Нобелевскую премию по литературе присудили Марио Варгасу Льосе,0
976,Хоккеист «Питтсбурга» спас тренера от шайбы,0
977,Журналисты узнали цену первого нетбука Nokia,0
978,Долгое прощание Сергея Урсуляка показали на ММКФ,0
979,"Китайский губернатор лично положил 20 км асфальта, чтобы выполнить дорожный план провинции",1
980,"Зеленский пригрозил ввести санкции против семьи Байдена, если Украину не примут в НАТО до конца года",1
981,Бритни Спирс возглавила список знаменитостей по версии Forbes,0
982,На чемпионате мира по футболу впервые введут видеоповторы,1
983,Наномагниты помогут изучать клеточные контакты,0
984,Илон Маск потребовал запретить смертоносные роботы,1
985,Госдума одобрила введение tax free в России,1
986,Лейкерс разгромил чемпиона НБА во втором матче полуфинала,0
987,Сафин выходит в третий круг после травмы соперника,0
988,Центробанк отозвал лицензии у двух московских банков,0
989,Россия и Венесуэла договорились о сотрудничестве по нефти и газу,0
990,Валентина Терешкова предложила сделать Рассказы о Путине настольной книгой школьников,1
991,Бывшему гендиректору Google подняли зарплату в миллион раз,0
992,Россиян планируют перевести на шестидневную рабочую неделю,1
993,Кубок УЕФА: испанцы забили немцам три пенальти и пять голов,0
994,Уволенный президент Olympus подаст в суд на компанию,0
995,Прокуратура заподозрила Явлинского в авторитарном стиле управления партией,1
996,В День Победы стратегические ракетоносцы Ту-160 дадут боевой залп над Красной площадью,1
997,СК возбудил дело против авиакомпании «Победа» за финансирование Навального,1
998,Криптомонетный двор Туркменистана выпустил юбилейные биткоины,1
999,Deutsche Bahn заплатит рекордный штраф за чтение писем сотрудников,0
